Epoch,Joint,Rec,KLD
1,1896.463,1.948,16.758
2,619.729,0.636,5.909
3,490.011,0.506,0.442
4,483.448,0.500,0.627
5,479.557,0.495,1.424
6,518.968,0.530,8.934
7,453.140,0.468,1.268
8,448.206,0.463,1.307
9,444.761,0.460,1.357
10,439.597,0.455,1.363
11,435.096,0.450,1.437
12,428.405,0.444,1.345
13,423.784,0.439,1.340
14,420.172,0.435,1.395
15,417.874,0.433,1.436
16,415.208,0.430,1.455
17,412.577,0.428,1.480
18,410.389,0.426,1.480
19,407.044,0.422,1.525
20,404.634,0.420,1.513
21,401.415,0.417,1.518
22,400.137,0.416,1.522
23,397.193,0.413,1.512
24,394.928,0.410,1.495
25,391.312,0.407,1.523
26,389.001,0.404,1.552
27,384.164,0.400,1.576
28,382.850,0.398,1.593
29,378.014,0.393,1.620
30,377.225,0.393,1.600
31,375.666,0.391,1.600
32,373.793,0.389,1.594
33,373.193,0.389,1.585
34,369.735,0.385,1.584
35,370.882,0.387,1.607
36,367.570,0.383,1.584
37,366.825,0.383,1.586
38,367.342,0.384,1.557
39,365.340,0.382,1.566
40,363.744,0.380,1.563
41,362.979,0.379,1.577
42,363.514,0.380,1.539
43,360.560,0.377,1.546
44,360.804,0.378,1.542
45,358.755,0.375,1.551
46,359.837,0.377,1.522
47,360.412,0.378,1.527
48,356.663,0.374,1.513
49,355.606,0.373,1.514
50,355.657,0.373,1.520
51,354.171,0.372,1.505
52,352.689,0.370,1.485
53,351.917,0.369,1.504
54,352.213,0.370,1.488
55,349.915,0.368,1.482
56,350.027,0.368,1.472
57,347.720,0.366,1.457
58,347.111,0.365,1.462
59,345.919,0.364,1.444
60,344.406,0.363,1.461
61,343.385,0.362,1.443
62,342.697,0.361,1.436
63,341.802,0.360,1.438
64,341.231,0.360,1.441
65,340.052,0.359,1.446
66,338.790,0.357,1.456
67,340.388,0.359,1.441
68,337.915,0.357,1.440
69,338.061,0.357,1.431
70,336.528,0.356,1.446
71,334.733,0.354,1.449
72,334.489,0.354,1.464
73,332.352,0.352,1.428
74,333.152,0.353,1.423
75,332.831,0.352,1.433
76,330.004,0.349,1.434
77,330.787,0.350,1.421
78,329.168,0.349,1.416
79,328.276,0.348,1.405
80,329.071,0.349,1.399
81,327.915,0.348,1.395
82,325.925,0.346,1.389
83,327.003,0.347,1.387
84,326.761,0.347,1.416
85,324.175,0.344,1.386
86,324.912,0.345,1.381
87,325.297,0.346,1.372
88,324.254,0.345,1.409
89,322.395,0.343,1.375
90,327.128,0.348,1.360
91,322.194,0.343,1.382
92,321.963,0.343,1.364
93,321.230,0.342,1.372
94,319.709,0.341,1.374
95,320.181,0.341,1.376
96,319.491,0.341,1.370
97,318.481,0.340,1.339
98,317.945,0.340,1.350
99,317.355,0.339,1.350
100,316.010,0.338,1.354
101,317.929,0.340,1.337
102,316.151,0.338,1.319
103,315.732,0.338,1.326
104,314.391,0.336,1.346
105,314.992,0.337,1.315
106,314.916,0.337,1.337
107,316.002,0.339,1.322
108,312.605,0.335,1.343
109,312.484,0.335,1.308
110,310.422,0.333,1.327
111,311.227,0.334,1.312
112,310.396,0.333,1.309
113,312.121,0.335,1.291
114,309.488,0.333,1.314
115,310.470,0.334,1.320
116,308.899,0.332,1.308
117,307.411,0.331,1.293
118,308.031,0.331,1.325
119,308.062,0.332,1.312
120,306.722,0.330,1.288
121,305.259,0.329,1.291
122,308.970,0.333,1.311
123,306.653,0.331,1.281
124,306.189,0.330,1.282
125,305.343,0.330,1.273
126,304.530,0.329,1.272
127,307.100,0.332,1.261
128,302.583,0.327,1.281
129,302.480,0.327,1.277
130,303.860,0.329,1.273
131,302.818,0.328,1.260
132,300.535,0.325,1.279
133,302.824,0.328,1.261
134,302.546,0.328,1.265
135,299.866,0.325,1.249
136,300.390,0.326,1.272
137,299.992,0.325,1.272
138,298.809,0.324,1.248
139,299.395,0.325,1.241
140,300.584,0.327,1.242
141,298.348,0.324,1.249
142,297.892,0.324,1.236
143,296.891,0.323,1.249
144,297.376,0.324,1.234
145,295.741,0.322,1.226
146,294.897,0.321,1.228
147,295.856,0.322,1.223
148,296.799,0.324,1.214
149,295.904,0.323,1.221
150,294.718,0.321,1.222
151,293.561,0.320,1.213
152,293.741,0.321,1.205
153,292.726,0.320,1.206
154,292.394,0.319,1.209
155,295.916,0.324,1.201
156,293.677,0.321,1.218
157,291.496,0.319,1.194
158,295.562,0.324,1.175
159,292.071,0.320,1.181
160,291.327,0.319,1.180
161,291.673,0.320,1.172
162,290.043,0.318,1.199
163,290.278,0.318,1.205
164,292.132,0.321,1.180
165,290.198,0.319,1.179
166,289.912,0.318,1.173
167,289.754,0.318,1.173
168,292.341,0.322,1.147
169,288.433,0.317,1.169
170,289.055,0.318,1.166
171,287.589,0.317,1.163
172,288.049,0.317,1.157
173,288.288,0.318,1.154
174,287.127,0.316,1.163
175,287.116,0.317,1.147
176,285.901,0.315,1.142
177,288.519,0.319,1.133
178,287.286,0.317,1.130
179,286.245,0.316,1.126
180,284.966,0.315,1.124
181,285.376,0.316,1.124
182,284.041,0.314,1.122
183,285.470,0.316,1.184
184,284.920,0.316,1.113
185,285.528,0.316,1.114
186,282.620,0.313,1.109
187,283.701,0.315,1.114
188,283.645,0.315,1.089
189,283.904,0.315,1.092
190,281.708,0.313,1.098
191,282.892,0.314,1.085
192,282.990,0.315,1.093
193,283.191,0.315,1.082
194,282.558,0.314,1.111
195,282.825,0.315,1.088
196,281.382,0.313,1.080
197,280.949,0.313,1.079
198,281.731,0.314,1.072
199,281.392,0.314,1.074
200,282.174,0.315,1.081
201,279.837,0.312,1.078
202,280.733,0.313,1.083
203,280.855,0.314,1.084
204,278.947,0.312,1.073
205,277.938,0.311,1.052
206,278.570,0.312,1.049
207,277.923,0.311,1.049
208,278.896,0.312,1.055
209,279.413,0.313,1.052
210,278.851,0.313,1.047
211,278.468,0.312,1.033
212,277.501,0.311,1.041
213,278.034,0.312,1.039
214,276.771,0.311,1.033
215,275.702,0.310,1.041
216,276.597,0.311,1.030
217,276.967,0.312,1.025
218,278.883,0.314,1.026
219,274.282,0.309,1.037
220,275.620,0.310,1.040
221,274.563,0.309,1.024
222,274.207,0.309,1.013
223,274.134,0.309,1.004
224,274.495,0.310,1.005
225,273.418,0.309,1.005
226,274.568,0.310,1.007
227,273.409,0.309,1.021
228,274.915,0.311,1.005
229,272.620,0.308,0.995
230,273.086,0.309,0.996
231,273.860,0.310,0.972
232,274.457,0.311,0.978
233,271.612,0.308,0.988
234,273.019,0.310,0.994
235,272.149,0.309,0.995
236,272.677,0.310,0.978
237,271.903,0.309,0.972
238,271.197,0.308,0.972
239,272.122,0.309,0.968
240,272.545,0.310,0.965
241,270.804,0.308,0.963
242,271.091,0.309,0.960
243,271.280,0.309,0.961
244,271.385,0.309,0.943
245,270.110,0.308,0.953
246,269.987,0.308,0.948
247,267.965,0.306,0.949
248,268.784,0.307,0.949
249,270.427,0.309,0.946
250,270.443,0.309,0.925
251,267.749,0.306,0.943
252,268.094,0.307,0.944
253,268.053,0.307,0.924
254,266.888,0.306,0.937
255,267.269,0.306,0.932
256,268.144,0.307,0.939
257,267.060,0.306,0.926
258,265.294,0.304,0.922
259,266.433,0.306,0.912
260,266.835,0.307,0.920
261,267.221,0.307,0.911
262,265.930,0.306,0.908
263,267.672,0.308,0.899
264,269.508,0.310,0.911
265,263.842,0.304,0.906
266,267.280,0.308,0.897
267,265.415,0.306,0.895
268,265.131,0.306,0.898
269,264.859,0.306,0.896
270,264.206,0.305,0.895
271,263.622,0.305,0.893
272,263.642,0.305,0.891
273,263.640,0.305,0.882
274,263.694,0.305,0.884
275,263.765,0.305,0.881
276,262.962,0.305,0.879
277,263.900,0.306,0.874
278,262.551,0.305,0.869
279,266.421,0.309,0.867
280,263.034,0.305,0.874
281,262.280,0.305,0.876
282,261.868,0.304,0.871
283,261.956,0.305,0.872
284,260.455,0.303,0.861
285,262.986,0.306,0.854
286,261.904,0.305,0.858
287,263.661,0.307,0.857
288,260.960,0.304,0.867
289,259.580,0.303,0.864
290,259.296,0.303,0.848
291,259.962,0.304,0.844
292,262.056,0.306,0.845
293,261.211,0.305,0.844
294,259.680,0.304,0.848
295,260.368,0.305,0.840
296,259.983,0.305,0.831
297,259.056,0.304,0.818
298,258.962,0.304,0.836
299,257.808,0.302,0.827
300,257.981,0.303,0.829
301,258.448,0.303,0.830
302,257.662,0.303,0.812
303,255.885,0.301,0.815
304,257.955,0.303,0.816
305,257.443,0.303,0.810
306,257.506,0.303,0.815
307,257.226,0.303,0.812
308,256.748,0.303,0.805
309,256.252,0.302,0.801
310,257.076,0.303,0.825
311,256.353,0.303,0.795
312,257.841,0.305,0.800
313,256.119,0.303,0.804
314,256.040,0.303,0.790
315,255.766,0.303,0.798
316,254.202,0.301,0.796
317,254.601,0.302,0.787
318,254.215,0.301,0.791
319,253.936,0.301,0.792
320,257.821,0.306,0.776
321,253.932,0.301,0.779
322,256.178,0.304,0.784
323,253.297,0.301,0.785
324,253.923,0.302,0.771
325,253.442,0.302,0.768
326,253.658,0.302,0.774
327,251.943,0.300,0.767
328,252.298,0.301,0.765
329,252.170,0.301,0.771
330,253.577,0.303,0.766
331,254.101,0.303,0.766
332,252.397,0.301,0.767
333,252.911,0.302,0.758
334,251.816,0.301,0.764
335,252.443,0.302,0.751
336,251.955,0.302,0.755
337,251.115,0.301,0.755
338,250.731,0.300,0.759
339,251.170,0.301,0.752
340,250.396,0.300,0.749
341,249.535,0.299,0.744
342,250.327,0.301,0.738
343,250.031,0.301,0.736
344,251.099,0.302,0.759
345,250.462,0.301,0.745
346,249.155,0.300,0.736
347,250.262,0.301,0.732
348,248.662,0.300,0.734
349,248.609,0.300,0.730
350,249.322,0.301,0.734
351,249.036,0.301,0.732
352,250.723,0.303,0.729
353,248.017,0.300,0.720
354,248.765,0.301,0.728
355,250.630,0.303,0.722
356,247.429,0.299,0.719
357,247.298,0.299,0.718
358,246.796,0.299,0.713
359,248.531,0.301,0.712
360,247.548,0.300,0.720
361,246.021,0.299,0.705
362,246.996,0.300,0.709
363,246.608,0.300,0.711
364,246.431,0.300,0.709
365,245.897,0.299,0.705
366,247.694,0.301,0.709
367,244.880,0.298,0.709
368,246.635,0.300,0.708
369,244.899,0.299,0.697
370,245.558,0.299,0.706
371,245.210,0.299,0.702
372,244.943,0.299,0.696
373,244.285,0.298,0.698
374,242.986,0.297,0.701
375,243.636,0.298,0.686
376,244.133,0.299,0.688
377,244.123,0.299,0.689
378,244.287,0.299,0.692
379,245.525,0.301,0.689
380,242.896,0.298,0.693
381,242.948,0.298,0.686
382,244.875,0.301,0.682
383,243.650,0.299,0.679
384,241.804,0.297,0.681
385,242.807,0.299,0.673
386,244.082,0.301,0.670
387,242.363,0.298,0.676
388,242.290,0.299,0.667
389,242.127,0.299,0.667
390,241.095,0.297,0.667
391,240.549,0.297,0.666
392,245.521,0.304,0.663
393,241.609,0.299,0.664
394,240.180,0.297,0.668
395,241.529,0.299,0.664
396,240.704,0.298,0.660
397,241.019,0.299,0.656
398,240.161,0.298,0.665
399,241.619,0.300,0.660
400,241.698,0.300,0.662
401,240.006,0.298,0.656
402,238.495,0.296,0.651
403,238.954,0.297,0.652
404,239.534,0.298,0.652
405,239.131,0.298,0.652
406,238.591,0.297,0.647
407,241.690,0.301,0.640
408,238.616,0.297,0.646
409,238.211,0.297,0.645
410,238.291,0.297,0.646
411,238.021,0.297,0.644
412,238.238,0.298,0.643
413,236.708,0.296,0.641
414,238.190,0.298,0.638
415,236.179,0.296,0.640
416,237.024,0.297,0.635
417,237.244,0.297,0.639
418,237.048,0.297,0.634
419,237.255,0.298,0.635
420,235.716,0.296,0.630
421,235.604,0.296,0.625
422,236.361,0.297,0.630
423,235.350,0.296,0.625
424,235.674,0.297,0.622
425,235.907,0.297,0.629
426,234.904,0.296,0.624
427,236.018,0.298,0.621
428,235.708,0.297,0.628
429,234.445,0.296,0.622
430,235.970,0.298,0.620
431,233.770,0.295,0.620
432,233.714,0.295,0.619
433,235.107,0.297,0.618
434,235.676,0.298,0.618
435,233.580,0.296,0.616
436,233.030,0.295,0.614
437,233.060,0.295,0.614
438,232.687,0.295,0.612
439,234.007,0.297,0.611
440,233.782,0.297,0.615
441,234.291,0.298,0.601
442,232.808,0.296,0.604
443,232.397,0.296,0.608
444,232.101,0.296,0.603
445,231.898,0.295,0.602
446,231.634,0.295,0.603
447,231.637,0.295,0.600
448,231.329,0.295,0.596
449,231.753,0.296,0.600
450,233.082,0.298,0.598
451,230.747,0.295,0.595
452,231.031,0.296,0.598
453,230.927,0.295,0.600
454,229.473,0.294,0.595
455,230.092,0.295,0.594
456,230.425,0.295,0.594
457,230.591,0.296,0.588
458,229.197,0.294,0.588
459,228.887,0.294,0.589
460,230.591,0.297,0.583
461,230.259,0.296,0.591
462,229.120,0.295,0.586
463,230.016,0.296,0.583
464,228.900,0.295,0.588
465,228.809,0.295,0.582
466,228.390,0.295,0.586
467,228.457,0.295,0.585
468,228.151,0.295,0.581
469,228.272,0.295,0.581
470,228.298,0.295,0.583
471,227.909,0.295,0.579
472,226.396,0.293,0.579
473,227.088,0.294,0.581
474,227.687,0.295,0.576
475,227.915,0.296,0.580
476,226.325,0.294,0.578
477,226.750,0.294,0.579
478,227.261,0.295,0.570
479,226.761,0.295,0.570
480,226.443,0.294,0.573
481,225.472,0.293,0.576
482,225.204,0.293,0.573
483,226.388,0.295,0.565
484,226.250,0.295,0.568
485,225.435,0.294,0.564
486,225.101,0.294,0.563
487,225.317,0.294,0.563
488,226.004,0.295,0.567
489,224.208,0.293,0.564
490,225.247,0.295,0.563
491,225.121,0.295,0.553
492,224.795,0.295,0.555
493,224.623,0.294,0.559
494,223.643,0.293,0.559
495,223.837,0.294,0.557
496,224.597,0.295,0.554
497,223.322,0.293,0.555
498,223.937,0.295,0.555
499,222.212,0.292,0.555
500,222.721,0.293,0.554
501,224.644,0.296,0.549
502,222.660,0.294,0.550
503,222.088,0.293,0.546
504,222.624,0.294,0.551
505,221.848,0.293,0.549
506,221.657,0.293,0.548
507,221.652,0.293,0.547
508,222.649,0.295,0.546
509,220.938,0.292,0.545
510,222.767,0.295,0.545
511,223.090,0.296,0.550
512,221.662,0.294,0.544
513,221.198,0.294,0.541
514,222.040,0.295,0.542
515,221.208,0.294,0.540
516,219.971,0.292,0.541
517,220.198,0.293,0.544
518,219.539,0.292,0.541
519,220.916,0.294,0.537
520,221.155,0.295,0.532
521,220.236,0.294,0.540
522,219.798,0.293,0.538
523,218.303,0.292,0.530
524,219.069,0.293,0.533
525,219.279,0.293,0.530
526,218.016,0.292,0.532
527,218.869,0.293,0.532
528,219.312,0.294,0.531
529,219.214,0.294,0.528
530,219.096,0.294,0.530
531,219.128,0.294,0.523
532,217.530,0.292,0.527
533,217.781,0.293,0.524
534,218.301,0.294,0.523
535,217.491,0.293,0.527
536,218.567,0.294,0.524
537,217.744,0.293,0.525
538,217.489,0.293,0.521
539,215.983,0.291,0.516
540,215.593,0.291,0.517
541,215.579,0.291,0.516
542,215.411,0.291,0.516
543,217.128,0.294,0.515
544,215.324,0.291,0.520
545,215.289,0.292,0.515
546,215.735,0.292,0.516
547,215.226,0.292,0.510
548,216.054,0.293,0.515
549,217.948,0.296,0.513
550,215.984,0.293,0.512
551,214.934,0.292,0.510
552,215.763,0.294,0.510
553,214.773,0.292,0.507
554,215.021,0.293,0.510
555,214.095,0.292,0.502
556,214.455,0.292,0.508
557,214.235,0.292,0.504
558,214.335,0.293,0.505
559,212.778,0.291,0.506
560,214.504,0.293,0.505
561,213.396,0.292,0.509
562,213.620,0.292,0.501
563,214.619,0.294,0.500
564,214.222,0.294,0.499
565,211.662,0.290,0.502
566,212.747,0.292,0.498
567,213.687,0.294,0.500
568,212.195,0.291,0.502
569,212.645,0.292,0.497
570,211.730,0.291,0.494
571,213.641,0.294,0.493
572,211.401,0.291,0.494
573,211.753,0.292,0.494
574,211.654,0.292,0.495
575,211.189,0.291,0.498
576,211.887,0.293,0.491
577,212.112,0.293,0.490
578,210.406,0.291,0.491
579,210.254,0.291,0.492
580,210.141,0.291,0.490
581,211.065,0.293,0.488
582,209.689,0.291,0.493
583,209.966,0.291,0.488
584,210.336,0.292,0.485
585,208.601,0.290,0.485
586,210.294,0.292,0.487
587,209.096,0.291,0.480
588,209.423,0.291,0.488
589,210.134,0.293,0.485
590,208.642,0.291,0.486
591,208.730,0.291,0.481
592,209.896,0.293,0.478
593,210.481,0.294,0.479
594,208.592,0.291,0.482
595,208.886,0.292,0.477
596,208.368,0.292,0.477
597,208.007,0.291,0.476
598,207.547,0.291,0.479
599,208.301,0.292,0.474
600,207.208,0.291,0.478
601,206.648,0.290,0.480
602,206.727,0.291,0.470
603,207.098,0.291,0.475
604,207.080,0.291,0.477
605,206.069,0.290,0.468
606,208.494,0.294,0.465
607,206.770,0.292,0.469
608,205.041,0.289,0.472
609,207.324,0.293,0.466
610,205.308,0.290,0.466
611,205.620,0.291,0.470
612,205.867,0.291,0.465
613,205.911,0.291,0.469
614,204.266,0.289,0.466
615,207.824,0.295,0.465
616,205.489,0.291,0.465
617,207.246,0.294,0.459
618,205.103,0.291,0.463
619,205.035,0.291,0.462
620,204.906,0.291,0.462
621,203.250,0.289,0.459
622,202.561,0.288,0.463
623,203.616,0.290,0.461
624,204.145,0.291,0.451
625,202.473,0.289,0.456
626,203.765,0.291,0.456
627,203.262,0.290,0.457
628,204.276,0.292,0.458
629,204.201,0.292,0.452
630,202.302,0.290,0.453
631,202.787,0.291,0.452
632,202.729,0.291,0.453
633,202.114,0.290,0.455
634,201.735,0.290,0.454
635,202.413,0.291,0.454
636,202.456,0.291,0.451
637,201.806,0.290,0.454
638,202.381,0.292,0.446
639,201.775,0.291,0.449
640,202.489,0.292,0.444
641,201.377,0.290,0.449
642,202.278,0.292,0.445
643,200.871,0.290,0.441
644,200.152,0.289,0.447
645,200.083,0.289,0.446
646,200.870,0.291,0.438
647,200.054,0.290,0.438
648,199.672,0.289,0.441
649,201.723,0.293,0.441
650,200.001,0.290,0.440
651,199.293,0.289,0.445
652,199.875,0.291,0.439
653,200.049,0.291,0.440
654,198.884,0.290,0.434
655,199.636,0.291,0.433
656,198.718,0.290,0.437
657,198.345,0.289,0.435
658,198.412,0.290,0.434
659,198.859,0.291,0.435
660,196.927,0.288,0.435
661,198.107,0.290,0.435
662,197.789,0.290,0.432
663,198.394,0.291,0.434
664,198.393,0.291,0.433
665,199.643,0.293,0.429
666,197.667,0.290,0.433
667,196.253,0.288,0.430
668,197.233,0.290,0.433
669,195.579,0.288,0.428
670,196.944,0.290,0.424
671,198.448,0.292,0.432
672,196.102,0.289,0.427
673,195.224,0.288,0.429
674,195.643,0.289,0.425
675,194.892,0.288,0.430
676,196.383,0.290,0.425
677,196.068,0.290,0.423
678,196.890,0.292,0.425
679,195.194,0.289,0.425
680,194.981,0.289,0.422
681,194.485,0.289,0.421
682,194.570,0.289,0.420
683,195.541,0.291,0.422
684,194.211,0.289,0.422
685,194.821,0.290,0.422
686,194.528,0.290,0.421
687,194.503,0.290,0.419
688,194.871,0.290,0.421
689,194.107,0.290,0.416
690,194.943,0.291,0.416
691,193.935,0.290,0.416
692,192.908,0.288,0.417
693,194.028,0.290,0.417
694,192.582,0.288,0.415
695,193.303,0.290,0.415
696,191.835,0.288,0.414
697,192.949,0.290,0.413
698,192.051,0.288,0.419
699,193.008,0.290,0.415
700,191.054,0.287,0.415
701,191.815,0.289,0.413
702,192.100,0.289,0.410
703,192.242,0.290,0.406
704,191.492,0.289,0.409
705,191.554,0.289,0.412
706,191.859,0.290,0.408
707,190.982,0.289,0.407
708,193.163,0.292,0.406
709,193.161,0.293,0.406
710,191.462,0.290,0.409
711,190.192,0.288,0.407
712,191.104,0.290,0.408
713,189.790,0.288,0.407
714,189.683,0.288,0.406
715,189.238,0.287,0.406
716,189.421,0.288,0.402
717,189.495,0.288,0.407
718,189.226,0.288,0.405
719,189.451,0.289,0.404
720,189.460,0.289,0.402
721,190.616,0.291,0.404
722,189.501,0.289,0.403
723,189.062,0.289,0.402
724,188.175,0.288,0.401
725,190.098,0.291,0.400
726,188.139,0.288,0.399
727,186.919,0.286,0.399
728,187.974,0.288,0.397
729,187.638,0.288,0.401
730,187.130,0.287,0.400
731,187.853,0.289,0.397
732,187.528,0.289,0.392
733,190.803,0.294,0.397
734,189.406,0.292,0.397
735,186.237,0.287,0.394
736,187.787,0.290,0.392
737,185.518,0.286,0.397
738,186.479,0.288,0.395
739,185.932,0.287,0.393
740,186.112,0.288,0.392
741,185.959,0.288,0.396
742,186.287,0.289,0.390
743,184.848,0.287,0.392
744,185.728,0.288,0.393
745,184.895,0.287,0.390
746,185.210,0.288,0.391
747,186.035,0.289,0.390
748,184.978,0.288,0.391
749,184.545,0.287,0.389
750,185.153,0.289,0.386
751,185.545,0.290,0.388
752,184.781,0.288,0.391
753,184.149,0.287,0.393
754,185.309,0.290,0.387
755,185.529,0.290,0.391
756,184.463,0.289,0.389
757,183.766,0.288,0.389
758,184.793,0.290,0.385
759,183.654,0.288,0.388
760,183.855,0.289,0.383
761,184.706,0.290,0.383
762,182.809,0.287,0.385
763,182.103,0.287,0.383
764,182.728,0.288,0.382
765,182.307,0.287,0.384
766,182.400,0.288,0.384
767,181.882,0.287,0.382
768,181.328,0.286,0.384
769,181.701,0.287,0.379
770,181.420,0.287,0.380
771,182.643,0.289,0.381
772,181.852,0.288,0.379
773,180.987,0.287,0.379
774,181.320,0.288,0.381
775,181.014,0.287,0.377
776,180.806,0.287,0.379
777,180.462,0.287,0.382
778,180.558,0.287,0.377
779,181.269,0.289,0.374
780,180.657,0.288,0.380
781,179.621,0.286,0.379
782,179.908,0.287,0.376
783,178.894,0.286,0.378
784,181.783,0.291,0.374
785,179.869,0.288,0.377
786,181.456,0.291,0.372
787,178.883,0.286,0.376
788,179.660,0.288,0.374
789,178.138,0.286,0.374
790,179.812,0.289,0.372
791,179.507,0.288,0.374
792,178.490,0.287,0.371
793,179.184,0.289,0.371
794,177.893,0.287,0.371
795,178.930,0.288,0.374
796,178.294,0.288,0.373
797,177.593,0.287,0.372
798,178.047,0.288,0.372
799,178.185,0.288,0.370
800,176.819,0.286,0.371
801,176.908,0.286,0.369
802,178.019,0.289,0.368
803,177.249,0.287,0.368
804,177.485,0.288,0.369
805,176.940,0.287,0.367
806,177.152,0.288,0.369
807,176.490,0.287,0.365
808,176.267,0.287,0.363
809,175.697,0.286,0.364
810,176.406,0.288,0.365
811,176.245,0.288,0.365
812,175.881,0.287,0.365
813,175.233,0.286,0.363
814,175.822,0.288,0.363
815,176.058,0.288,0.365
816,174.793,0.286,0.362
817,175.202,0.287,0.361
818,175.284,0.288,0.363
819,174.665,0.287,0.362
820,174.944,0.288,0.361
821,175.052,0.288,0.362
822,175.093,0.288,0.360
823,173.671,0.286,0.360
824,173.753,0.286,0.361
825,174.292,0.288,0.358
826,174.148,0.288,0.359
827,173.923,0.287,0.361
828,173.494,0.287,0.358
829,178.954,0.297,0.357
830,173.527,0.287,0.358
831,173.850,0.288,0.357
832,173.013,0.287,0.362
833,171.950,0.285,0.359
834,172.358,0.286,0.358
835,172.575,0.287,0.355
836,172.745,0.287,0.357
837,172.262,0.287,0.354
838,171.783,0.286,0.356
839,172.182,0.287,0.355
840,172.529,0.288,0.355
841,171.534,0.286,0.355
842,171.493,0.287,0.352
843,171.169,0.286,0.353
844,171.907,0.288,0.353
845,171.193,0.287,0.352
846,170.169,0.285,0.352
847,170.383,0.286,0.351
848,170.320,0.286,0.350
849,170.138,0.286,0.352
850,170.968,0.288,0.349
851,169.769,0.286,0.351
852,170.289,0.287,0.350
853,170.612,0.288,0.351
854,170.365,0.288,0.349
855,169.775,0.287,0.348
856,170.078,0.288,0.346
857,169.019,0.286,0.348
858,169.069,0.286,0.348
859,169.384,0.287,0.347
860,169.572,0.288,0.345
861,171.421,0.291,0.344
862,167.937,0.285,0.348
863,168.449,0.286,0.347
864,168.135,0.286,0.345
865,168.039,0.286,0.346
866,167.787,0.286,0.345
867,169.258,0.289,0.345
868,167.378,0.286,0.339
869,168.161,0.288,0.340
870,167.657,0.287,0.344
871,167.329,0.286,0.342
872,166.861,0.286,0.345
873,167.789,0.288,0.341
874,168.203,0.289,0.341
875,167.727,0.288,0.341
876,167.905,0.289,0.341
877,166.795,0.287,0.343
878,166.024,0.286,0.339
879,165.216,0.285,0.339
880,165.397,0.285,0.340
881,166.587,0.287,0.340
882,165.461,0.286,0.337
883,166.228,0.287,0.337
884,165.441,0.286,0.338
885,164.972,0.286,0.337
886,164.847,0.286,0.337
887,165.001,0.286,0.339
888,165.232,0.287,0.339
889,165.575,0.288,0.336
890,164.447,0.286,0.333
891,164.952,0.287,0.333
892,165.118,0.287,0.338
893,163.134,0.284,0.336
894,163.846,0.286,0.335
895,163.726,0.286,0.334
896,163.688,0.286,0.336
897,163.108,0.285,0.333
898,163.218,0.286,0.332
899,162.991,0.285,0.331
900,163.633,0.287,0.332
901,163.624,0.287,0.332
902,164.595,0.289,0.335
903,163.013,0.286,0.332
904,162.706,0.286,0.334
905,161.594,0.284,0.333
906,162.416,0.286,0.330
907,162.996,0.287,0.331
908,161.981,0.286,0.330
909,162.909,0.288,0.329
910,161.218,0.285,0.331
911,160.527,0.284,0.328
912,162.208,0.287,0.331
913,161.311,0.286,0.331
914,160.614,0.285,0.331
915,161.302,0.286,0.329
916,161.287,0.286,0.329
917,160.807,0.286,0.331
918,161.313,0.287,0.327
919,160.456,0.286,0.331
920,160.944,0.287,0.329
921,160.363,0.286,0.328
922,159.606,0.285,0.328
923,161.252,0.288,0.322
924,159.361,0.285,0.328
925,159.153,0.285,0.328
926,159.971,0.287,0.327
927,158.831,0.285,0.325
928,159.861,0.287,0.327
929,159.703,0.287,0.326
930,159.062,0.286,0.326
931,159.043,0.286,0.325
932,158.794,0.286,0.325
933,159.171,0.287,0.325
934,157.722,0.284,0.325
935,157.417,0.284,0.322
936,158.328,0.286,0.323
937,157.764,0.285,0.323
938,158.378,0.287,0.323
939,157.401,0.285,0.322
940,157.302,0.285,0.324
941,158.132,0.287,0.320
942,158.436,0.288,0.322
943,157.595,0.286,0.324
944,158.476,0.288,0.322
945,159.519,0.291,0.321
946,156.679,0.285,0.324
947,156.583,0.285,0.322
948,156.935,0.286,0.322
949,156.566,0.286,0.321
950,156.603,0.286,0.321
951,156.601,0.287,0.319
952,155.974,0.286,0.320
953,155.844,0.285,0.323
954,155.807,0.286,0.322
955,155.743,0.286,0.321
956,155.175,0.285,0.321
957,154.705,0.284,0.320
958,156.151,0.287,0.319
959,156.229,0.288,0.321
960,155.154,0.286,0.319
961,154.341,0.285,0.319
962,154.703,0.286,0.316
963,153.931,0.284,0.317
964,154.567,0.286,0.317
965,155.306,0.288,0.316
966,155.273,0.288,0.315
967,154.061,0.286,0.315
968,153.460,0.285,0.317
969,153.306,0.285,0.315
970,154.919,0.288,0.316
971,154.385,0.287,0.317
972,153.590,0.286,0.317
973,152.700,0.285,0.315
974,153.684,0.287,0.315
975,152.417,0.284,0.317
976,152.140,0.284,0.316
977,151.848,0.284,0.314
978,151.778,0.284,0.314
979,152.396,0.286,0.315
980,153.682,0.289,0.312
981,152.365,0.286,0.315
982,152.022,0.286,0.314
983,152.972,0.288,0.311
984,152.267,0.287,0.314
985,151.132,0.285,0.313
986,151.373,0.286,0.311
987,151.650,0.286,0.312
988,150.758,0.285,0.311
989,150.279,0.284,0.311
990,150.669,0.285,0.312
991,149.713,0.283,0.311
992,150.997,0.286,0.311
993,150.161,0.285,0.311
994,151.087,0.287,0.309
995,149.473,0.284,0.310
996,150.161,0.286,0.310
997,150.304,0.286,0.310
998,150.321,0.287,0.309
999,149.931,0.286,0.312
1000,149.314,0.285,0.308
1001,148.812,0.284,0.309
1002,150.360,0.287,0.308
1003,150.616,0.288,0.312
1004,150.210,0.287,0.310
1005,149.155,0.285,0.311
1006,149.387,0.285,0.308
1007,150.701,0.288,0.309
1008,149.648,0.286,0.308
1009,150.228,0.287,0.310
1010,149.185,0.285,0.309
1011,149.835,0.286,0.308
1012,149.014,0.285,0.308
1013,150.467,0.287,0.309
1014,149.625,0.286,0.309
1015,149.555,0.286,0.308
1016,150.097,0.287,0.307
1017,150.387,0.287,0.310
1018,149.727,0.286,0.308
1019,149.521,0.286,0.309
1020,149.910,0.286,0.311
1021,148.806,0.284,0.307
1022,149.681,0.286,0.309
1023,149.151,0.285,0.309
1024,149.710,0.286,0.308
1025,150.564,0.288,0.307
1026,149.014,0.285,0.307
1027,149.098,0.285,0.309
1028,149.427,0.285,0.308
1029,149.610,0.286,0.309
1030,149.044,0.285,0.308
1031,151.096,0.289,0.307
1032,149.136,0.285,0.309
1033,149.650,0.286,0.306
1034,149.323,0.285,0.307
1035,148.850,0.284,0.310
1036,149.835,0.286,0.306
1037,148.771,0.284,0.306
1038,149.242,0.285,0.308
1039,148.509,0.284,0.306
1040,149.560,0.286,0.307
1041,149.218,0.285,0.307
1042,148.896,0.284,0.306
1043,148.702,0.284,0.308
1044,148.798,0.284,0.308
1045,149.229,0.285,0.308
1046,148.520,0.284,0.307
1047,150.028,0.287,0.308
1048,149.223,0.285,0.308
1049,149.384,0.285,0.307
1050,149.865,0.286,0.307
1051,149.978,0.287,0.305
1052,149.675,0.286,0.307
1053,149.329,0.285,0.308
1054,149.380,0.285,0.308
1055,149.172,0.285,0.307
1056,149.648,0.286,0.308
1057,148.680,0.284,0.308
1058,149.614,0.286,0.308
1059,148.951,0.284,0.308
1060,148.802,0.284,0.308
1061,149.756,0.286,0.307
1062,149.317,0.285,0.308
1063,148.868,0.284,0.309
1064,149.059,0.285,0.306
1065,149.267,0.285,0.308
1066,149.286,0.285,0.305
1067,149.200,0.285,0.307
1068,150.125,0.287,0.310
1069,150.350,0.287,0.305
1070,149.029,0.285,0.307
1071,149.606,0.286,0.307
1072,149.259,0.285,0.308
1073,149.220,0.285,0.309
1074,148.272,0.283,0.307
1075,149.573,0.286,0.308
1076,149.073,0.285,0.308
1077,149.407,0.285,0.309
1078,148.245,0.283,0.308
1079,149.071,0.285,0.308
1080,149.124,0.285,0.308
1081,149.247,0.285,0.306
1082,148.960,0.285,0.306
1083,148.462,0.284,0.306
1084,148.987,0.285,0.304
1085,150.110,0.287,0.306
1086,148.685,0.284,0.306
1087,148.597,0.284,0.306
1088,148.511,0.284,0.306
1089,148.860,0.284,0.308
1090,148.917,0.284,0.307
1091,148.774,0.284,0.308
1092,149.282,0.285,0.307
1093,148.880,0.284,0.307
1094,149.964,0.287,0.306
1095,148.676,0.284,0.306
1096,148.237,0.283,0.305
1097,148.948,0.285,0.305
1098,148.175,0.283,0.306
1099,149.411,0.286,0.305
1100,148.291,0.283,0.306
1101,149.432,0.286,0.303
1102,149.867,0.286,0.305
1103,148.821,0.284,0.306
1104,148.332,0.283,0.305
1105,148.101,0.283,0.305
1106,148.992,0.285,0.307
1107,149.162,0.285,0.310
1108,148.366,0.283,0.307
1109,148.623,0.284,0.306
1110,150.773,0.288,0.304
1111,149.136,0.285,0.310
1112,149.389,0.286,0.305
1113,149.268,0.285,0.308
1114,148.782,0.284,0.307
1115,148.852,0.284,0.308
1116,148.687,0.284,0.306
1117,148.092,0.283,0.306
1118,150.572,0.288,0.306
1119,148.966,0.284,0.308
1120,149.790,0.286,0.307
1121,148.062,0.283,0.305
1122,149.071,0.285,0.306
1123,148.303,0.283,0.304
1124,147.733,0.282,0.305
1125,148.479,0.284,0.305
1126,148.287,0.283,0.307
1127,148.891,0.284,0.307
1128,148.680,0.284,0.308
1129,148.371,0.283,0.307
1130,148.611,0.284,0.306
1131,148.211,0.283,0.307
1132,147.869,0.282,0.307
1133,148.807,0.284,0.305
1134,148.037,0.283,0.306
1135,148.347,0.283,0.307
1136,148.946,0.285,0.306
1137,148.954,0.285,0.307
1138,148.019,0.283,0.304
1139,149.327,0.285,0.307
1140,148.765,0.284,0.307
1141,149.874,0.286,0.306
1142,148.937,0.284,0.309
1143,148.936,0.284,0.308
1144,149.546,0.286,0.305
1145,148.726,0.284,0.307
1146,148.846,0.284,0.307
1147,148.778,0.284,0.309
1148,148.372,0.283,0.307
1149,147.953,0.282,0.308
1150,147.803,0.282,0.307
1151,148.435,0.284,0.305
1152,148.418,0.284,0.305
1153,148.255,0.283,0.305
1154,150.060,0.287,0.305
1155,148.864,0.284,0.307
1156,148.319,0.283,0.307
1157,150.106,0.287,0.306
1158,148.294,0.283,0.308
1159,148.224,0.283,0.307
1160,148.255,0.283,0.307
1161,147.561,0.282,0.307
1162,147.831,0.282,0.307
1163,151.468,0.290,0.306
1164,148.797,0.284,0.308
1165,148.742,0.284,0.306
1166,148.744,0.284,0.308
1167,148.251,0.283,0.307
1168,149.007,0.285,0.309
1169,148.796,0.284,0.308
1170,148.468,0.284,0.306
1171,148.206,0.283,0.307
1172,148.383,0.283,0.306
1173,149.123,0.285,0.304
1174,148.086,0.283,0.306
1175,147.649,0.282,0.307
1176,148.294,0.283,0.303
1177,147.794,0.282,0.307
1178,148.626,0.284,0.307
1179,147.722,0.282,0.305
1180,148.772,0.284,0.305
1181,148.249,0.283,0.305
1182,148.838,0.284,0.307
1183,148.998,0.285,0.308
1184,148.071,0.283,0.305
1185,147.911,0.283,0.305
1186,148.400,0.283,0.305
1187,148.543,0.284,0.307
1188,149.041,0.285,0.309
1189,147.882,0.282,0.306
1190,149.049,0.285,0.306
1191,147.816,0.282,0.306
1192,147.676,0.282,0.307
1193,148.136,0.283,0.309
1194,149.339,0.285,0.305
1195,148.224,0.283,0.304
1196,148.268,0.283,0.306
1197,148.362,0.284,0.303
1198,148.925,0.285,0.305
1199,148.931,0.285,0.306
1200,149.355,0.286,0.303
1201,148.726,0.284,0.304
1202,147.706,0.282,0.308
1203,147.800,0.282,0.307
1204,148.596,0.284,0.306
1205,147.348,0.281,0.309
1206,147.912,0.283,0.305
1207,148.849,0.284,0.306
1208,149.550,0.286,0.306
1209,148.226,0.283,0.305
1210,148.445,0.284,0.305
1211,148.243,0.283,0.308
1212,147.699,0.282,0.307
1213,148.053,0.283,0.307
1214,148.409,0.283,0.307
1215,148.197,0.283,0.306
1216,148.105,0.283,0.306
1217,149.411,0.286,0.305
1218,148.514,0.284,0.308
1219,148.546,0.284,0.309
1220,148.517,0.284,0.305
1221,148.842,0.284,0.306
1222,148.372,0.283,0.307
1223,147.897,0.282,0.307
1224,147.650,0.282,0.304
1225,148.748,0.284,0.307
1226,147.241,0.281,0.307
1227,147.077,0.281,0.306
1228,148.384,0.284,0.305
1229,147.736,0.282,0.305
1230,148.656,0.284,0.306
1231,147.443,0.281,0.306
1232,148.092,0.283,0.304
1233,148.979,0.285,0.304
1234,149.350,0.286,0.304
1235,148.503,0.284,0.305
1236,148.206,0.283,0.306
1237,150.075,0.287,0.308
1238,148.365,0.283,0.309
1239,148.049,0.283,0.306
1240,147.234,0.281,0.307
1241,148.783,0.284,0.307
1242,147.850,0.282,0.308
1243,148.829,0.284,0.305
1244,147.715,0.282,0.307
1245,147.400,0.281,0.306
1246,147.417,0.281,0.306
1247,148.177,0.283,0.307
1248,147.901,0.282,0.307
1249,147.786,0.282,0.303
1250,148.639,0.284,0.304
1251,148.465,0.284,0.305
1252,148.072,0.283,0.307
1253,148.351,0.283,0.307
1254,148.422,0.284,0.306
1255,147.927,0.282,0.306
1256,148.367,0.283,0.307
1257,147.171,0.281,0.305
1258,147.846,0.282,0.304
1259,147.899,0.282,0.305
1260,150.475,0.288,0.306
1261,148.011,0.283,0.307
1262,148.344,0.283,0.307
1263,146.937,0.280,0.306
1264,147.805,0.282,0.306
1265,147.727,0.282,0.305
1266,147.975,0.283,0.305
1267,147.238,0.281,0.304
1268,147.615,0.282,0.305
1269,147.893,0.282,0.306
1270,148.307,0.283,0.307
1271,148.408,0.283,0.306
1272,149.374,0.285,0.306
1273,148.173,0.283,0.306
1274,148.210,0.283,0.306
1275,147.945,0.283,0.304
1276,147.148,0.281,0.305
1277,147.927,0.283,0.305
1278,147.383,0.281,0.307
1279,148.104,0.283,0.304
1280,148.870,0.284,0.305
1281,146.861,0.280,0.306
1282,147.630,0.282,0.305
1283,147.706,0.282,0.304
1284,148.091,0.283,0.304
1285,147.890,0.283,0.304
1286,147.288,0.281,0.305
1287,148.809,0.284,0.305
1288,147.852,0.282,0.305
1289,147.663,0.282,0.305
1290,147.244,0.281,0.305
1291,146.363,0.279,0.304
1292,147.436,0.282,0.304
1293,148.192,0.283,0.304
1294,146.901,0.281,0.303
1295,147.100,0.281,0.303
1296,147.023,0.281,0.303
1297,147.626,0.282,0.303
1298,148.205,0.283,0.305
1299,147.414,0.281,0.306
1300,147.559,0.282,0.307
1301,147.832,0.282,0.306
1302,148.998,0.285,0.305
1303,149.352,0.286,0.304
1304,147.907,0.283,0.305
1305,147.895,0.282,0.305
1306,149.067,0.285,0.306
1307,150.384,0.288,0.306
1308,147.918,0.282,0.308
1309,147.637,0.282,0.304
1310,147.606,0.282,0.305
1311,147.879,0.282,0.306
1312,147.921,0.283,0.304
1313,147.637,0.282,0.308
1314,148.043,0.283,0.306
1315,148.228,0.283,0.305
1316,148.013,0.283,0.304
1317,147.370,0.282,0.303
1318,147.796,0.282,0.306
1319,148.026,0.283,0.304
1320,146.982,0.281,0.305
1321,146.736,0.280,0.304
1322,148.537,0.284,0.304
1323,148.651,0.284,0.306
1324,147.589,0.282,0.307
1325,147.714,0.282,0.304
1326,146.734,0.280,0.307
1327,148.032,0.283,0.305
1328,147.815,0.282,0.305
1329,148.313,0.283,0.303
1330,147.960,0.283,0.305
1331,147.626,0.282,0.305
1332,147.976,0.283,0.306
1333,147.687,0.282,0.306
1334,148.030,0.283,0.304
1335,147.221,0.281,0.305
1336,147.133,0.281,0.305
1337,147.506,0.282,0.304
1338,147.014,0.281,0.304
1339,146.249,0.279,0.303
1340,147.664,0.282,0.304
1341,147.672,0.282,0.305
1342,148.361,0.284,0.304
1343,148.780,0.284,0.302
1344,147.797,0.282,0.303
1345,147.021,0.281,0.304
1346,147.203,0.281,0.304
1347,146.919,0.280,0.305
1348,147.286,0.281,0.303
1349,147.487,0.282,0.304
1350,147.220,0.281,0.305
1351,147.091,0.281,0.302
1352,148.097,0.283,0.303
1353,148.083,0.283,0.307
1354,147.917,0.283,0.305
1355,148.037,0.283,0.304
1356,147.960,0.283,0.305
1357,147.116,0.281,0.304
1358,146.953,0.281,0.303
1359,147.744,0.282,0.303
1360,147.483,0.282,0.303
1361,148.195,0.283,0.302
1362,148.208,0.283,0.304
1363,148.298,0.283,0.302
1364,147.277,0.281,0.304
1365,146.909,0.281,0.304
1366,147.649,0.282,0.303
1367,148.145,0.283,0.304
1368,146.675,0.280,0.304
1369,147.287,0.281,0.305
1370,146.712,0.280,0.304
1371,147.790,0.282,0.303
1372,147.618,0.282,0.304
1373,147.024,0.281,0.302
1374,146.760,0.280,0.302
1375,147.254,0.281,0.303
1376,148.552,0.284,0.304
1377,147.079,0.281,0.302
1378,146.962,0.281,0.303
1379,146.118,0.279,0.304
1380,147.083,0.281,0.302
1381,147.515,0.282,0.303
1382,148.082,0.283,0.301
1383,146.841,0.280,0.302
1384,146.402,0.279,0.305
1385,148.208,0.283,0.304
1386,147.883,0.283,0.302
1387,148.276,0.283,0.302
1388,147.341,0.282,0.302
1389,147.918,0.283,0.302
1390,147.134,0.281,0.304
1391,146.654,0.280,0.304
1392,147.207,0.281,0.303
1393,147.250,0.281,0.303
1394,146.895,0.281,0.304
1395,147.671,0.282,0.306
1396,146.557,0.280,0.302
1397,147.125,0.281,0.305
1398,148.180,0.283,0.302
1399,147.065,0.281,0.300
1400,147.481,0.282,0.301
1401,147.948,0.283,0.303
1402,146.596,0.280,0.304
1403,146.361,0.280,0.301
1404,147.764,0.282,0.303
1405,147.261,0.281,0.303
1406,147.646,0.282,0.301
1407,147.346,0.282,0.299
1408,147.820,0.283,0.298
1409,147.528,0.282,0.300
1410,146.611,0.280,0.302
1411,147.210,0.281,0.300
1412,147.170,0.281,0.301
1413,147.133,0.281,0.304
1414,147.116,0.281,0.301
1415,146.435,0.280,0.302
1416,147.003,0.281,0.301
1417,145.836,0.278,0.302
1418,146.848,0.281,0.300
1419,146.670,0.280,0.301
1420,148.034,0.283,0.303
1421,146.952,0.281,0.301
1422,147.163,0.281,0.302
1423,147.318,0.281,0.302
1424,147.652,0.282,0.303
1425,146.901,0.281,0.301
1426,146.751,0.280,0.301
1427,146.461,0.280,0.300
1428,146.589,0.280,0.302
1429,147.413,0.282,0.300
1430,147.503,0.282,0.301
1431,146.863,0.281,0.302
1432,147.397,0.282,0.302
1433,146.992,0.281,0.300
1434,147.549,0.282,0.301
1435,148.113,0.283,0.300
1436,146.934,0.281,0.301
1437,146.720,0.280,0.302
1438,146.926,0.281,0.299
1439,146.763,0.280,0.302
1440,146.951,0.281,0.302
1441,146.710,0.280,0.299
1442,146.652,0.280,0.300
1443,146.544,0.280,0.300
1444,146.535,0.280,0.299
1445,147.208,0.281,0.301
1446,147.168,0.281,0.302
1447,146.647,0.280,0.301
1448,146.082,0.279,0.301
1449,146.597,0.280,0.301
1450,146.661,0.280,0.300
1451,146.601,0.280,0.302
1452,146.285,0.279,0.301
1453,147.216,0.281,0.300
1454,148.408,0.284,0.300
1455,147.794,0.283,0.299
1456,147.157,0.281,0.299
1457,146.306,0.280,0.300
1458,146.469,0.280,0.302
1459,146.478,0.280,0.301
1460,146.971,0.281,0.299
1461,146.406,0.280,0.301
1462,147.429,0.282,0.300
1463,146.315,0.279,0.302
1464,146.829,0.280,0.303
1465,146.082,0.279,0.301
1466,146.420,0.280,0.303
1467,146.279,0.279,0.301
1468,146.263,0.279,0.302
1469,147.800,0.283,0.302
1470,146.747,0.280,0.300
1471,147.126,0.281,0.299
1472,148.118,0.283,0.299
1473,147.771,0.282,0.301
1474,147.158,0.281,0.300
1475,146.470,0.280,0.299
1476,147.850,0.283,0.302
1477,146.548,0.280,0.299
1478,146.826,0.281,0.299
1479,146.984,0.281,0.300
1480,146.235,0.279,0.301
1481,148.803,0.285,0.301
1482,147.428,0.282,0.300
1483,147.360,0.282,0.299
1484,146.997,0.281,0.299
1485,146.664,0.280,0.299
1486,145.881,0.279,0.300
1487,146.367,0.280,0.300
1488,146.345,0.280,0.300
1489,146.489,0.280,0.300
1490,146.474,0.280,0.302
1491,145.715,0.278,0.303
1492,145.416,0.278,0.300
1493,147.661,0.282,0.299
1494,147.242,0.281,0.300
1495,146.359,0.280,0.300
1496,146.673,0.280,0.300
1497,147.374,0.282,0.301
1498,147.195,0.281,0.300
1499,146.121,0.279,0.299
1500,147.176,0.281,0.300
1501,147.482,0.282,0.299
1502,146.163,0.279,0.303
1503,146.101,0.279,0.299
1504,145.633,0.278,0.299
1505,146.678,0.280,0.299
1506,145.558,0.278,0.300
1507,145.789,0.278,0.300
1508,146.753,0.280,0.300
1509,147.019,0.281,0.298
1510,147.230,0.281,0.301
1511,146.815,0.281,0.300
1512,146.369,0.280,0.298
1513,145.788,0.279,0.298
1514,146.080,0.279,0.299
1515,146.661,0.280,0.301
1516,146.287,0.280,0.298
1517,147.473,0.282,0.299
1518,146.574,0.280,0.302
1519,146.528,0.280,0.301
1520,147.089,0.281,0.303
1521,146.211,0.279,0.300
1522,146.650,0.280,0.300
1523,146.167,0.279,0.302
1524,146.599,0.280,0.302
1525,146.311,0.280,0.299
1526,146.189,0.279,0.301
1527,146.110,0.279,0.300
1528,146.801,0.281,0.300
1529,147.811,0.283,0.301
1530,145.609,0.278,0.300
1531,146.450,0.280,0.299
1532,146.567,0.280,0.299
1533,146.256,0.279,0.300
1534,146.332,0.280,0.300
1535,146.565,0.280,0.299
1536,146.328,0.280,0.299
1537,147.104,0.281,0.298
1538,145.942,0.279,0.300
1539,146.765,0.281,0.299
1540,146.525,0.280,0.300
1541,146.947,0.281,0.300
1542,146.266,0.280,0.299
1543,147.213,0.281,0.300
1544,146.100,0.279,0.301
1545,146.776,0.280,0.303
1546,146.508,0.280,0.299
1547,147.203,0.281,0.299
1548,146.905,0.281,0.301
1549,146.011,0.279,0.300
1550,147.300,0.282,0.300
1551,146.631,0.280,0.300
1552,146.989,0.281,0.302
1553,146.292,0.279,0.301
1554,148.934,0.285,0.300
1555,146.916,0.281,0.300
1556,146.433,0.280,0.301
1557,145.761,0.279,0.299
1558,146.271,0.280,0.299
1559,146.187,0.280,0.297
1560,146.413,0.280,0.301
1561,145.488,0.278,0.300
1562,147.586,0.282,0.299
1563,146.559,0.280,0.300
1564,145.387,0.278,0.301
1565,145.900,0.279,0.299
1566,146.014,0.279,0.300
1567,146.674,0.280,0.299
1568,145.990,0.279,0.299
1569,145.541,0.278,0.299
1570,145.963,0.279,0.299
1571,146.403,0.280,0.301
1572,145.998,0.279,0.299
1573,145.895,0.279,0.298
1574,146.751,0.280,0.300
1575,146.916,0.281,0.301
1576,145.921,0.279,0.302
1577,146.902,0.281,0.301
1578,146.549,0.280,0.302
1579,147.315,0.282,0.300
1580,147.166,0.281,0.299
1581,145.407,0.278,0.301
1582,145.533,0.278,0.300
1583,146.937,0.281,0.300
1584,146.188,0.279,0.298
1585,146.694,0.280,0.299
1586,146.225,0.279,0.301
1587,146.349,0.280,0.301
1588,145.964,0.279,0.300
1589,146.041,0.279,0.299
1590,146.258,0.280,0.299
1591,145.560,0.278,0.299
1592,146.086,0.279,0.298
1593,146.400,0.280,0.299
1594,145.976,0.279,0.300
1595,146.875,0.281,0.300
1596,146.425,0.280,0.302
1597,146.318,0.280,0.298
1598,145.768,0.279,0.299
1599,146.042,0.279,0.299
1600,145.498,0.278,0.301
1601,145.110,0.277,0.300
1602,146.106,0.279,0.298
1603,146.088,0.279,0.299
1604,145.243,0.277,0.299
1605,146.727,0.280,0.300
1606,145.331,0.278,0.299
1607,146.241,0.280,0.299
1608,146.033,0.279,0.300
1609,145.635,0.278,0.299
1610,145.706,0.278,0.300
1611,145.828,0.279,0.301
1612,145.457,0.278,0.300
1613,146.285,0.280,0.299
1614,146.609,0.280,0.301
1615,147.042,0.281,0.301
1616,145.854,0.279,0.301
1617,146.359,0.280,0.300
1618,145.271,0.277,0.301
1619,146.051,0.279,0.302
1620,145.765,0.278,0.300
1621,146.077,0.279,0.299
1622,145.451,0.278,0.299
1623,146.264,0.280,0.298
1624,145.428,0.278,0.300
1625,145.161,0.277,0.300
1626,146.389,0.280,0.302
1627,146.046,0.279,0.302
1628,147.432,0.282,0.300
1629,146.434,0.280,0.299
1630,146.463,0.280,0.299
1631,146.296,0.279,0.301
1632,146.564,0.280,0.300
1633,146.095,0.279,0.301
1634,145.661,0.278,0.299
1635,145.739,0.278,0.302
1636,145.797,0.279,0.298
1637,145.340,0.278,0.300
1638,146.303,0.279,0.303
1639,146.244,0.279,0.300
1640,146.269,0.279,0.302
1641,146.387,0.280,0.299
1642,145.390,0.278,0.300
1643,145.442,0.278,0.300
1644,145.111,0.277,0.300
1645,146.162,0.279,0.298
1646,146.355,0.280,0.302
1647,147.141,0.281,0.299
1648,145.907,0.279,0.299
1649,146.203,0.279,0.301
1650,145.002,0.277,0.301
1651,146.013,0.279,0.301
1652,146.010,0.279,0.302
1653,146.629,0.280,0.300
1654,146.039,0.279,0.299
1655,147.181,0.281,0.302
1656,146.149,0.279,0.302
1657,145.889,0.279,0.301
1658,146.289,0.280,0.300
1659,145.556,0.278,0.297
1660,146.164,0.279,0.300
1661,145.392,0.278,0.302
1662,145.729,0.278,0.300
1663,145.061,0.277,0.300
1664,146.084,0.279,0.298
1665,145.606,0.278,0.300
1666,145.285,0.277,0.301
1667,145.520,0.278,0.302
1668,144.945,0.277,0.300
1669,146.297,0.280,0.300
1670,145.460,0.278,0.300
1671,146.391,0.280,0.300
1672,145.514,0.278,0.302
1673,146.485,0.280,0.303
1674,146.509,0.280,0.298
1675,144.653,0.276,0.299
1676,145.827,0.279,0.299
1677,145.833,0.279,0.299
1678,145.929,0.279,0.300
1679,145.085,0.277,0.299
1680,145.118,0.277,0.299
1681,145.436,0.278,0.298
1682,146.062,0.279,0.300
1683,145.462,0.278,0.302
1684,147.180,0.281,0.300
1685,146.074,0.279,0.300
1686,145.645,0.278,0.300
1687,145.508,0.278,0.300
1688,146.145,0.279,0.301
1689,145.556,0.278,0.302
1690,146.065,0.279,0.301
1691,145.308,0.277,0.302
1692,145.667,0.278,0.300
1693,145.526,0.278,0.301
1694,145.606,0.278,0.299
1695,145.504,0.278,0.301
1696,148.464,0.284,0.300
1697,145.489,0.278,0.299
1698,146.026,0.279,0.300
1699,145.504,0.278,0.300
1700,145.609,0.278,0.299
1701,145.927,0.279,0.301
1702,144.956,0.277,0.299
1703,145.679,0.278,0.300
1704,147.798,0.283,0.299
1705,145.609,0.278,0.299
1706,146.219,0.279,0.300
1707,144.883,0.277,0.302
1708,145.280,0.277,0.301
1709,145.363,0.278,0.300
1710,145.075,0.277,0.300
1711,144.987,0.277,0.302
1712,146.127,0.279,0.300
1713,145.589,0.278,0.301
1714,145.538,0.278,0.301
1715,146.970,0.281,0.301
1716,146.042,0.279,0.301
1717,146.096,0.279,0.299
1718,146.462,0.280,0.299
1719,145.190,0.277,0.299
1720,145.821,0.278,0.302
1721,146.812,0.281,0.300
1722,145.899,0.279,0.301
1723,145.514,0.278,0.301
1724,146.093,0.279,0.301
1725,146.938,0.281,0.301
1726,145.802,0.278,0.301
1727,145.922,0.279,0.300
1728,145.728,0.278,0.300
1729,144.646,0.276,0.297
1730,145.308,0.278,0.299
1731,145.358,0.278,0.300
1732,145.665,0.278,0.300
1733,146.216,0.279,0.300
1734,146.700,0.280,0.299
1735,144.726,0.276,0.301
1736,144.885,0.277,0.302
1737,145.687,0.278,0.303
1738,146.588,0.280,0.302
1739,145.781,0.278,0.301
1740,146.339,0.280,0.300
1741,146.068,0.279,0.300
1742,146.473,0.280,0.299
1743,145.922,0.279,0.300
1744,146.096,0.279,0.301
1745,145.536,0.278,0.300
1746,144.832,0.277,0.300
1747,146.118,0.279,0.302
1748,146.269,0.279,0.301
1749,146.737,0.280,0.300
1750,145.126,0.277,0.299
1751,146.479,0.280,0.299
1752,145.702,0.278,0.299
1753,146.141,0.279,0.300
1754,145.928,0.279,0.302
1755,145.841,0.279,0.301
1756,145.331,0.278,0.300
1757,145.194,0.277,0.301
1758,145.920,0.279,0.299
1759,144.807,0.276,0.300
1760,145.520,0.278,0.301
1761,146.273,0.279,0.301
1762,145.824,0.279,0.301
1763,147.074,0.281,0.300
1764,146.941,0.281,0.300
1765,145.468,0.278,0.298
1766,144.809,0.277,0.299
1767,144.650,0.276,0.300
1768,145.348,0.278,0.299
1769,146.451,0.280,0.299
1770,146.557,0.280,0.300
1771,145.940,0.279,0.300
1772,145.688,0.278,0.301
1773,145.881,0.279,0.302
1774,145.757,0.278,0.301
1775,145.750,0.278,0.302
1776,147.172,0.281,0.302
1777,145.246,0.277,0.300
1778,146.232,0.280,0.298
1779,145.806,0.279,0.299
1780,145.809,0.278,0.302
1781,144.914,0.277,0.302
1782,145.955,0.279,0.300
1783,144.877,0.277,0.301
1784,145.256,0.277,0.300
1785,144.809,0.276,0.302
1786,145.377,0.278,0.299
1787,144.661,0.276,0.301
1788,145.944,0.279,0.301
1789,145.849,0.279,0.302
1790,146.480,0.280,0.300
1791,145.130,0.277,0.300
1792,146.277,0.279,0.302
1793,145.361,0.278,0.299
1794,145.725,0.278,0.299
1795,145.146,0.277,0.302
1796,144.815,0.276,0.301
1797,145.542,0.278,0.301
1798,145.748,0.278,0.301
1799,145.799,0.278,0.301
1800,145.249,0.277,0.299
1801,145.389,0.278,0.301
1802,146.418,0.280,0.301
1803,146.428,0.280,0.301
1804,145.428,0.278,0.300
1805,145.350,0.277,0.302
1806,145.083,0.277,0.302
1807,145.179,0.277,0.300
1808,145.643,0.278,0.301
1809,146.200,0.279,0.301
1810,145.323,0.277,0.301
1811,145.373,0.278,0.300
1812,145.814,0.278,0.302
1813,145.407,0.278,0.300
1814,145.711,0.278,0.302
1815,145.563,0.278,0.301
1816,146.524,0.280,0.302
1817,145.567,0.278,0.300
1818,145.633,0.278,0.300
1819,144.432,0.276,0.301
1820,145.450,0.278,0.299
1821,145.354,0.278,0.301
1822,146.011,0.279,0.302
1823,144.616,0.276,0.303
1824,145.597,0.278,0.303
1825,146.223,0.279,0.301
1826,145.268,0.277,0.300
1827,145.134,0.277,0.302
1828,145.320,0.278,0.300
1829,146.423,0.280,0.299
1830,146.392,0.280,0.301
1831,145.256,0.277,0.303
1832,145.915,0.279,0.301
1833,145.698,0.278,0.301
1834,144.984,0.277,0.302
1835,145.254,0.277,0.301
1836,144.831,0.276,0.301
1837,145.801,0.278,0.302
1838,145.342,0.278,0.299
1839,145.005,0.277,0.301
1840,144.697,0.276,0.299
1841,145.264,0.277,0.301
1842,144.908,0.277,0.299
1843,144.623,0.276,0.301
1844,145.867,0.279,0.302
1845,145.253,0.278,0.298
1846,144.475,0.276,0.299
1847,144.683,0.276,0.298
1848,145.490,0.278,0.299
1849,145.707,0.278,0.300
1850,145.906,0.279,0.301
1851,145.305,0.277,0.302
1852,144.936,0.277,0.302
1853,145.996,0.279,0.301
1854,146.243,0.279,0.302
1855,145.577,0.278,0.299
1856,144.912,0.277,0.301
1857,145.919,0.279,0.298
1858,146.085,0.279,0.301
1859,145.628,0.278,0.302
1860,144.976,0.277,0.300
1861,145.421,0.278,0.301
1862,144.743,0.276,0.300
1863,144.663,0.276,0.300
1864,145.444,0.278,0.301
1865,146.385,0.280,0.302
1866,145.178,0.277,0.302
1867,144.603,0.276,0.302
1868,146.265,0.279,0.301
1869,144.686,0.276,0.301
1870,146.308,0.280,0.300
1871,145.418,0.278,0.301
1872,145.344,0.278,0.300
1873,145.273,0.277,0.302
1874,145.720,0.278,0.301
1875,145.148,0.277,0.300
1876,144.692,0.276,0.301
1877,145.792,0.278,0.301
1878,145.763,0.278,0.304
1879,144.144,0.275,0.300
1880,144.609,0.276,0.302
1881,144.341,0.276,0.299
1882,146.059,0.279,0.300
1883,145.765,0.278,0.302
1884,143.857,0.275,0.299
1885,146.001,0.279,0.300
1886,144.843,0.276,0.301
1887,145.206,0.277,0.301
1888,145.627,0.278,0.300
1889,145.892,0.279,0.301
1890,145.810,0.278,0.302
1891,145.369,0.278,0.301
1892,145.492,0.278,0.300
1893,145.522,0.278,0.301
1894,144.632,0.276,0.301
1895,144.980,0.277,0.300
1896,145.190,0.277,0.301
1897,146.583,0.280,0.304
1898,145.330,0.277,0.304
1899,145.052,0.277,0.301
1900,145.125,0.277,0.300
1901,145.256,0.277,0.300
1902,144.147,0.275,0.300
1903,145.209,0.277,0.301
1904,145.258,0.277,0.301
1905,145.334,0.278,0.299
1906,145.288,0.278,0.298
1907,146.245,0.279,0.300
1908,145.425,0.278,0.299
1909,144.893,0.277,0.301
1910,144.646,0.276,0.300
1911,145.018,0.277,0.300
1912,145.983,0.279,0.300
1913,145.628,0.278,0.302
1914,145.532,0.278,0.303
1915,145.811,0.279,0.298
1916,145.836,0.279,0.301
1917,145.323,0.277,0.302
1918,145.928,0.279,0.301
1919,144.469,0.276,0.302
1920,145.001,0.277,0.299
1921,145.579,0.278,0.299
1922,145.186,0.277,0.303
1923,145.373,0.278,0.301
1924,144.668,0.276,0.300
1925,145.705,0.278,0.299
1926,145.756,0.279,0.299
1927,145.514,0.278,0.299
1928,145.394,0.278,0.300
1929,145.557,0.278,0.300
1930,145.091,0.277,0.301
1931,144.328,0.276,0.300
1932,145.354,0.278,0.301
1933,144.913,0.277,0.300
1934,145.925,0.279,0.302
1935,144.877,0.277,0.300
1936,144.519,0.276,0.300
1937,145.365,0.278,0.299
1938,145.955,0.279,0.301
1939,144.816,0.276,0.302
1940,146.250,0.279,0.301
1941,144.937,0.277,0.301
1942,144.051,0.275,0.300
1943,144.740,0.276,0.302
1944,145.273,0.277,0.303
1945,145.113,0.277,0.301
1946,145.561,0.278,0.301
1947,145.284,0.277,0.302
1948,144.240,0.275,0.300
1949,145.309,0.278,0.300
1950,144.873,0.277,0.299
1951,145.061,0.277,0.302
1952,146.440,0.280,0.302
1953,145.358,0.278,0.300
1954,145.130,0.277,0.303
1955,145.723,0.279,0.298
1956,144.594,0.276,0.304
1957,145.686,0.278,0.301
1958,146.288,0.279,0.302
1959,145.060,0.277,0.299
1960,145.933,0.279,0.300
1961,146.277,0.279,0.303
1962,144.714,0.276,0.301
1963,146.143,0.279,0.298
1964,144.089,0.275,0.301
1965,145.764,0.278,0.301
1966,144.651,0.276,0.302
1967,146.161,0.279,0.301
1968,145.505,0.278,0.302
1969,146.135,0.279,0.303
1970,144.649,0.276,0.303
1971,146.087,0.279,0.300
1972,144.764,0.276,0.301
1973,145.462,0.278,0.301
1974,144.438,0.276,0.302
1975,144.964,0.277,0.302
1976,145.010,0.277,0.302
1977,143.656,0.274,0.300
1978,144.744,0.276,0.299
1979,145.516,0.278,0.300
1980,144.749,0.276,0.300
1981,145.129,0.277,0.301
1982,145.942,0.279,0.301
1983,145.081,0.277,0.304
1984,145.994,0.279,0.302
1985,145.513,0.278,0.303
1986,145.009,0.277,0.302
1987,145.407,0.278,0.301
1988,145.359,0.277,0.304
1989,144.161,0.275,0.303
1990,144.537,0.276,0.302
1991,146.684,0.280,0.301
1992,145.002,0.277,0.301
1993,145.840,0.279,0.299
1994,145.224,0.277,0.300
1995,145.266,0.277,0.303
1996,144.979,0.277,0.301
1997,145.722,0.278,0.301
1998,144.784,0.276,0.301
1999,144.928,0.277,0.300
2000,145.147,0.277,0.304
